OID_,watershed,WatershedArea,Shape_Length,Shape_Area
1,Lower Los Angeles River,194255916.222512394189835,1.228085937281248,0.018938183311669
2,Malibu Creek,284669689.119262516498566,1.129239927314874,0.027822906628462
3,Rio Hondo,341861653.085060775279999,1.067732915277252,0.033410217503336
4,Santa Clara River,746598.830652410164475,1.052665732989061,0.000073161177447
5,South Santa Monica Bay,1806951.219277161639184,0.278143152728633,0.000176121484119
6,Upper Los Angeles River,1606417434.859114646911621,3.207984939665261,0.157175760106672
7,Upper San Gabriel River,518490885.514003932476044,1.771487932281088,0.050762865981180
